Sample,D,L
022017_VK2_LJENS_0.5hr,30.2661344,1.511839709
022017_VK2_LJENS_1hr,30.2661344,1.511839709
022017_VK2_LJENS_11hr,30.2661344,1.511839709
022017_VK2_0_06_D_4hr,4.311377246,0
022017_VK2_0_06_L_4hr,0,4.635701275
022017_VK2_0_06_DL_4hr,3.184298071,3.067395264
022017_VK2_HCL_4hr,0,0
022017_A2EN_CK4_INHIBITOR_SP,NA,NA
022017_A2EN_FASC_INHIBITOR_SP,NA,NA
022017_A2EN_SIS_INHIBITOR_SP,NA,NA
022017_A2EN_LCRISP_SP,NA,NA
022017_A2EN_CONTROL_SP,NA,NA